text,label
My car will not start and the battery seems dead,battery
The battery warning light came on while I was driving,battery
I need help choosing a replacement car battery,battery
My vehicle only makes a clicking sound when I turn the key,battery
How can I tell if my battery needs charging or replacing,battery
The battery keeps losing charge overnight,battery
Can you check the battery terminals for corrosion,battery
My headlights are very dim when I start the car,battery
The car starts slowly on cold mornings,battery
How long does a normal car battery usually last,battery
I left the lights on and now the car will not start,battery
Please inspect my battery before a long road trip,battery
The battery looks swollen under the bonnet,battery
Can a weak battery cause dashboard warning lights,battery
My battery was replaced recently but it is already flat,battery
I hear a single click instead of the engine turning over,battery
Do you offer battery testing at home,battery
The battery cables feel loose on my car,battery
My car needs a jump start almost every week,battery
What battery size is right for my vehicle,battery
The engine cranks very slowly even after a jump,battery
There is white powder around the battery terminals,battery
Can you replace my car battery today,battery
The battery light stays on after the engine starts,battery
My remote works but the car battery is completely dead,battery
Will a faulty alternator keep draining my battery,battery
The car has no electrical power at all,battery
I need emergency roadside battery assistance,battery
How much does a battery replacement cost,battery
Please check whether my battery can still hold a charge,battery
My brakes squeal whenever I stop,brakes
The brake pedal feels soft and goes down too far,brakes
My car pulls to one side when I brake,brakes
How do I know if my brake pads are worn out,brakes
There is a grinding noise from the front brakes,brakes
The brake warning light is showing on my dashboard,brakes
My steering wheel shakes during hard braking,brakes
Can you inspect the brakes before my inspection,brakes
The brakes feel less responsive than they used to,brakes
I hear a clicking noise when I press the brake pedal,brakes
My rear brakes make a loud scraping sound,brakes
The car takes longer to stop on wet roads,brakes
How often should brake pads be replaced,brakes
One of my wheels smells hot after driving,brakes
The brake pedal vibrates at low speed,brakes
Can you replace my front brake pads,brakes
My brakes squeak only in the morning,brakes
The car rolls slightly when I hold the brake,brakes
I think the brake fluid level is low,brakes
The ABS light came on along with the brake light,brakes
My handbrake is not holding the car properly,brakes
Is it safe to drive with noisy brakes,brakes
The brakes lock up when I stop suddenly,brakes
I need a brake service for my family car,brakes
The brake discs look scored and uneven,brakes
Can you check a burning smell near the brakes,brakes
My brake pedal feels hard and the car barely stops,brakes
The brake pads were changed but the noise remains,brakes
How much will a complete brake repair cost,brakes
Please diagnose the vibration I feel while braking,brakes
My temperature gauge is in the red,overheating
Steam is coming from under the bonnet,overheating
The engine overheats whenever I sit in traffic,overheating
My coolant level keeps dropping with no obvious leak,overheating
The car gets hot after driving uphill,overheating
Can a broken radiator fan cause overheating,overheating
The overheating warning light just came on,overheating
I smell coolant after parking the car,overheating
The engine temperature rises when the air conditioner is on,overheating
What should I do if my car starts overheating,overheating
There is a puddle of green fluid under my vehicle,overheating
My radiator fan does not seem to run,overheating
The car overheats then returns to normal after stopping,overheating
Can you check my thermostat for a fault,overheating
The coolant reservoir is empty again,overheating
My engine is running hot even though it has enough coolant,overheating
I need an urgent cooling system inspection,overheating
The temperature gauge fluctuates while I drive,overheating
Why is my radiator leaking,overheating
The bonnet is extremely hot after a short trip,overheating
My car overheats only at low speeds,overheating
Is it safe to drive a car with a coolant leak,overheating
The cooling fan runs loudly after I turn off the engine,overheating
Can you flush and refill my cooling system,overheating
My engine overheated after the coolant was recently changed,overheating
I see bubbles in the coolant reservoir,overheating
The heater blows cold air while the engine overheats,overheating
Please inspect the water pump on my car,overheating
How much does it cost to repair an overheating engine,overheating
The temperature warning appears during long journeys,overheating
My air conditioner is blowing warm air,ac
The AC works sometimes but stops in traffic,ac
There is a bad smell when I turn on the air conditioner,ac
Can you recharge the refrigerant in my car AC,ac
The air conditioner makes a rattling noise,ac
My AC is not cooling the cabin properly,ac
The blower fan only works on one speed,ac
Water is leaking inside the passenger footwell when AC runs,ac
The AC compressor seems to make a loud clicking sound,ac
How often should car air conditioning be serviced,ac
The front vents blow warm air while the rear vents are cool,ac
My car windows fog up even with the AC on,ac
The air conditioning has a musty odor,ac
Can you check for a refrigerant leak,ac
The AC loses cooling after a few minutes,ac
The cabin fan does not turn on at all,ac
The air conditioner drains water under the car is that normal,ac
My AC belt is squealing when I switch it on,ac
The temperature from the vents is not cold enough,ac
I need an AC inspection before summer,ac
The air conditioner blows hot air at idle,ac
My AC stopped working after a dashboard repair,ac
Can a clogged cabin filter reduce AC cooling,ac
The AC compressor clutch will not engage,ac
There is a hissing sound from the air vents,ac
Please replace my car cabin air filter,ac
How much does a car AC gas refill cost,ac
The air conditioner smells like mould when started,ac
My AC fan is noisy on the highest setting,ac
Can you repair an air conditioning leak,ac
My car needs an oil change,oil_change
How often should I change my engine oil,oil_change
The oil change light is on in my car,oil_change
What type of oil does my vehicle need,oil_change
Can you change the oil and oil filter together,oil_change
My engine oil looks very dark on the dipstick,oil_change
I notice an oil stain where my car is parked,oil_change
The car is using more oil than usual,oil_change
How much does a regular oil service cost,oil_change
I am overdue for an oil change by several months,oil_change
The engine sounds louder since the last oil service,oil_change
Can you check my oil level before I travel,oil_change
My oil pressure warning light has appeared,oil_change
The dipstick shows almost no oil in the engine,oil_change
Should synthetic oil be used in my car,oil_change
I need an oil and filter service for my van,oil_change
The oil level keeps falling between services,oil_change
Can an oil change improve rough engine performance,oil_change
My car has gone the recommended mileage for an oil change,oil_change
Please inspect the engine for an oil leak,oil_change
I accidentally put too much oil in the engine,oil_change
The oil filler cap has thick creamy residue,oil_change
Is a quick oil change enough for routine maintenance,oil_change
Can you reset the oil service reminder after servicing,oil_change
The engine oil smells like fuel,oil_change
I want an oil change before a long trip,oil_change
How long does an oil change appointment take,oil_change
My service book says the oil is due this month,oil_change
Does my diesel car need a different oil service,oil_change
Please replace the oil filter during my next visit,oil_change
Can you wash my car today,car_wash
I would like a full exterior and interior car wash,car_wash
Do you provide doorstep car washing,car_wash
My car has mud all over it after a rainy trip,car_wash
Can you remove bird droppings from the paint,car_wash
I need the seats and carpets cleaned as well,car_wash
What is included in your premium car wash,car_wash
Do you offer a waterless wash service,car_wash
Please clean the wheels and tyres thoroughly,car_wash
My car has stubborn road salt on the body,car_wash
Can you wash a large SUV,car_wash
I want a basic exterior wash for my sedan,car_wash
Do you clean car windows inside and outside,car_wash
There is dust built up in my car interior,car_wash
Can you remove stains from the fabric seats,car_wash
How much does an interior detailing service cost,car_wash
I need my car washed before a wedding,car_wash
Can you polish the paint after washing,car_wash
Do you clean under the bonnet,car_wash
My floor mats need deep cleaning,car_wash
Please remove smoke smell from the cabin,car_wash
Is waxing available with the car wash,car_wash
Can you clean pet hair from the back seat,car_wash
I need a quick car wash during my lunch break,car_wash
Do you offer monthly car wash packages,car_wash
Please wash my hatchback without scratching the paint,car_wash
Can you clean the headlights and mirrors,car_wash
My car interior is very dirty after a road trip,car_wash
What is the difference between a wash and detailing,car_wash
I would like to book a mobile car cleaning,car_wash
My engine is making a strange knocking sound,engine_problem
The check engine light is on and the car feels weak,engine_problem
My vehicle shakes badly when the engine is idling,engine_problem
There is black smoke coming from the exhaust,engine_problem
The engine stalls when I stop at traffic lights,engine_problem
My car struggles to accelerate up hills,engine_problem
I hear a ticking sound from the engine,engine_problem
The engine misfires when I press the accelerator,engine_problem
My vehicle has lost power while driving,engine_problem
The exhaust smells strongly of fuel,engine_problem
Can you diagnose an engine warning light,engine_problem
The engine takes several attempts to start,engine_problem
My car is using much more fuel than before,engine_problem
There is blue smoke from the exhaust pipe,engine_problem
The engine runs rough after it warms up,engine_problem
I hear a loud rattling noise under the bonnet,engine_problem
The car jerks when I accelerate,engine_problem
My engine makes a whining noise at high speed,engine_problem
Can you perform a complete engine diagnostic,engine_problem
The check engine light is flashing,engine_problem
My car has very little power but no warning light,engine_problem
The engine cuts out randomly while driving,engine_problem
I smell burning oil from the engine bay,engine_problem
The vehicle vibrates whenever I start the engine,engine_problem
My engine idle speed keeps going up and down,engine_problem
What could cause a rough engine start,engine_problem
The exhaust is releasing thick white smoke,engine_problem
My car makes a clunk when I accelerate from a stop,engine_problem
I need an urgent inspection for an engine fault,engine_problem
Can a faulty sensor cause my check engine light,engine_problem
My tyre pressure warning light is on,tyre
One of my tyres keeps losing air,tyre
I need to replace a flat tyre,tyre
The steering wheel pulls to the left while driving,tyre
Can you check the tread on all four tyres,tyre
My tyres are wearing unevenly on the edges,tyre
I feel a vibration through the steering wheel at speed,tyre
What tyre size is suitable for my car,tyre
Please inflate my tyres to the correct pressure,tyre
There is a nail stuck in my rear tyre,tyre
My tyre has a bulge on the sidewall,tyre
Do you offer tyre replacement and fitting,tyre
The car feels unstable on wet roads,tyre
I need my wheels balanced,tyre
Can you repair a slow puncture,tyre
The tyre warning returns after a few days,tyre
My front tyres are much more worn than the rear ones,tyre
How often should car tyres be replaced,tyre
The tyre valve is leaking air,tyre
I want to change from summer tyres to all season tyres,tyre
My spare tyre is also flat,tyre
There is a thumping noise from one wheel,tyre
Can you rotate my tyres,tyre
The tyre pressure drops every few days,tyre
I need new tyres before a long journey,tyre
Is it safe to drive with a damaged sidewall,tyre
My alloy wheel has a tyre bead leak,tyre
The tread depth looks very low,tyre
Can you check if my tyres are correctly aligned,tyre
My car shakes after I fitted new tyres,tyre
Please recommend affordable tyres for my vehicle,tyre
The car feels bouncy over speed bumps,suspension
I hear a clunking noise over uneven roads,suspension
My vehicle leans to one side when parked,suspension
The ride has become very rough recently,suspension
Can you inspect the shock absorbers,suspension
My car sways when I take a corner,suspension
There is a knocking sound from the front suspension,suspension
The rear of the car bounces several times after a bump,suspension
I see oil leaking from one of the shocks,suspension
The steering feels loose and unstable,suspension
Do I need new suspension springs,suspension
My car dips forward heavily when I brake,suspension
The vehicle feels low on one side,suspension
Can you replace the worn struts,suspension
There is a squeak from the suspension when turning,suspension
My ride height has changed on one side,suspension
The car does not handle potholes well,suspension
I need a suspension check before buying new tyres,suspension
The rear suspension makes noise with passengers inside,suspension
How much does shock absorber replacement cost,suspension
My car bounces even on smooth roads,suspension
The steering wheel is not returning after a turn,suspension
Can worn suspension affect tyre wear,suspension
I hear a metal-to-metal sound under the car,suspension
The car feels unstable at motorway speed,suspension
Please check the ball joints and control arms,suspension
The front end rattles when I drive slowly,suspension
Can you inspect the suspension after hitting a pothole,suspension
My car is sagging at the back,suspension
I want a complete suspension inspection,suspension
My power windows stopped working,electrical
The dashboard lights flicker while I drive,electrical
The headlights are not turning on,electrical
My car horn has stopped working,electrical
The central locking is not responding,electrical
Can you diagnose an electrical fault in my vehicle,electrical
The interior lights stay on after I lock the car,electrical
My windscreen wipers move very slowly,electrical
The radio keeps turning off by itself,electrical
The fuse blows whenever I use the accessory socket,electrical
My indicators are flashing too quickly,electrical
The rear lights are not working,electrical
The electric mirrors cannot be adjusted,electrical
My car alarm goes off without a reason,electrical
The starter motor does not engage,electrical
The dashboard is completely blank,electrical
Can you repair the electric window on the driver side,electrical
The headlights dim when I use the brakes,electrical
My charging socket is not working,electrical
The parking sensors have stopped beeping,electrical
There is a burning smell near the fuse box,electrical
My car remote key is not locking the doors,electrical
The engine fan stays on after the car is switched off,electrical
The battery drains when the car is parked,electrical
Can you test the alternator output,electrical
The brake lights remain on all the time,electrical
My reverse lights do not come on,electrical
The infotainment screen is frozen,electrical
I need wiring checked after water entered the car,electrical
The car will not start because of an electrical issue,electrical
Could you test my battery before I replace it,battery
My battery is dead again after being charged yesterday,battery
The starter turns very slowly when I start the car,battery
I found corrosion on the positive battery connection,battery
Is the battery strong enough for winter driving,battery
My car loses all power after sitting for two days,battery
The battery warning symbol appears briefly at startup,battery
Can you fit a new battery to my family car,battery
The battery terminal keeps coming loose,battery
I need a battery health check for my used car,battery
The engine will not crank after the car sat overnight,battery
Why does my battery keep going flat while parked,battery
The battery case has a crack near the top,battery
My vehicle needs a jump whenever it rains,battery
Can you measure the cold cranking power of the battery,battery
The battery is more than five years old and feels weak,battery
My car starts fine once but not a second time,battery
The battery light flickers at idle,battery
I need advice about the correct battery capacity,battery
Please clean and tighten the battery connections,battery
The engine turns over slowly even with a charged battery,battery
My battery drained after I used the interior lights,battery
Can a loose battery earth cause starting trouble,battery
The car battery smells unusual and looks damaged,battery
I would like a mobile battery replacement,battery
The battery does not seem to accept a charge,battery
My car has needed three jump starts this month,battery
Could an old battery explain the clicking noise,battery
The battery voltage seems low on my dashboard meter,battery
Please inspect the battery and charging system together,battery
My vehicle goes completely dead after short journeys,battery
The battery terminals are covered in blue residue,battery
How can I protect the battery from draining overnight,battery
The battery was flat after a weekend at the airport,battery
My car struggles to start after using the heated seats,battery
I want to know if my battery is still reliable,battery
The battery warning light does not switch off,battery
Can you supply and install the correct battery,battery
The engine only starts after several jump leads are connected,battery
My battery has gone flat in cold weather,battery
Does my start stop system need a special battery,battery
The battery clamp looks broken and is not secure,battery
I hear a click and then lose power when starting,battery
The car battery was drained by a faulty interior light,battery
Please check for a parasitic drain on my battery,battery
My battery is leaking fluid near the bottom,battery
The headlights dim whenever I turn the key,battery
Is my battery too weak to run the car alarm,battery
I need roadside assistance because my battery has failed,battery
Can you test the battery under electrical load,battery
My replacement battery does not fit the tray,battery
The car starts after charging but fails the next morning,battery
What signs show that a battery is reaching the end,battery
There is rust around the battery retaining bracket,battery
My battery gives off a sulphur smell,battery
The vehicle has no power after a long period unused,battery
I need a battery check before selling my car,battery
The battery indicator appeared after fitting new lights,battery
Can a weak battery affect the automatic gearbox,battery
The starter clicks repeatedly when the battery is low,battery
My battery has been discharged by a dash camera,battery
Please check whether the battery terminals are connected correctly,battery
The car will not restart after I stopped for fuel,battery
How much reserve capacity should my new battery have,battery
The battery is losing power despite a recent recharge,battery
Can you replace a battery in a parked vehicle,battery
My vehicle is difficult to start after a short stop,battery
The battery warning appeared with the headlights on,battery
I want a professional battery diagnosis,battery
The battery is completely flat and the doors will not unlock,battery
My car needs a stronger battery for its accessories,battery
The brake pedal pulses when I slow down from high speed,brakes
My car squeaks when reversing and braking,brakes
The front brake pads look almost completely worn,brakes
I can hear metal scraping from the left front wheel,brakes
The brake fluid level drops every few weeks,brakes
My car veers right when I apply the brakes,brakes
The brakes are noisy after rain and feel rough,brakes
Can you inspect my brake rotors for damage,brakes
The pedal feels spongy after the brakes were serviced,brakes
My vehicle needs more distance to stop than before,brakes
The ABS warning appeared during my commute,brakes
There is a hot smell from one of the front wheels,brakes
I need the brake calipers checked for sticking,brakes
The rear brakes squeal whenever I park,brakes
My car shakes strongly during motorway braking,brakes
Please replace the brake discs and pads if necessary,brakes
The parking brake lever comes up too far,brakes
The brakes make a low grinding hum at slow speed,brakes
Can worn brakes cause the steering wheel to vibrate,brakes
The vehicle does not stop evenly on both sides,brakes
I see a dark line on one brake disc,brakes
The brake light remains lit after releasing the handbrake,brakes
My brake pedal sinks when I keep pressure on it,brakes
Can you check my brake fluid for contamination,brakes
The car makes a thud each time I brake,brakes
The brakes feel unusually sharp and grabby,brakes
I need new brake shoes for the rear axle,brakes
My front wheel is much hotter than the other one,brakes
There is a squeal from the brakes only at low speed,brakes
How soon should I replace these brake pads,brakes
The brake warning came on after a steep downhill drive,brakes
My brake pedal vibrates through my foot,brakes
Please carry out a full brake safety inspection,brakes
The car rolls forward even with the pedal pressed,brakes
I hear a rubbing sound whenever the brake is applied,brakes
The brake discs have visible grooves across them,brakes
My handbrake does not release properly,brakes
The vehicle stops better when the brakes are cold,brakes
Can you check why the rear brakes are wearing unevenly,brakes
The ABS activates on dry roads without warning,brakes
My brakes smell burnt after a normal journey,brakes
I need emergency help because my brake pedal went soft,brakes
The brake pedal feels normal but the car pulls left,brakes
There is a small leak behind the brake wheel,brakes
Do brake pads need bedding in after replacement,brakes
The brake light and ABS light came on together,brakes
My brakes squeak after new pads were installed,brakes
The car judders when braking from a hill,brakes
Please check the brake hoses for cracks,brakes
My rear wheels seem to lock before the front ones,brakes
The brake pedal is hard first thing in the morning,brakes
Can you service the brakes on my delivery van,brakes
The brake discs look blue from heat,brakes
I feel a vibration through the seat when braking,brakes
My brake pads have worn down much faster on one side,brakes
How much is a complete brake fluid change,brakes
The parking brake warning stays on while driving,brakes
The brakes click when I release the pedal,brakes
My vehicle started squealing after a wheel change,brakes
I want the brakes checked before a long motorway trip,brakes
One brake caliper seems to be sticking,brakes
The pedal travel has become longer over the past month,brakes
Can you tell if the brake rotors need machining,brakes
The brake system feels weak when the car is loaded,brakes
My car makes a harsh scrape during emergency stops,brakes
Please inspect the brake master cylinder,brakes
The brake pedal is firm but stopping power is poor,brakes
I need a quote for front and rear brake work,brakes
The brakes squeal only when turning left,brakes
My car has a warning for low brake fluid,brakes
The engine temperature rises in slow traffic,overheating
Steam appeared beside the radiator,overheating
My coolant disappears between journeys,overheating
The fan does not start when the engine gets hot,overheating
There is a sweet smell under the bonnet,overheating
Can you pressure test my cooling system,overheating
The temperature needle enters the red on hills,overheating
My radiator hose is wet after driving,overheating
The car runs hot when the air conditioning is on,overheating
I found a coolant puddle beneath the front bumper,overheating
The engine overheats only at traffic lights,overheating
Please inspect the thermostat for failure,overheating
My coolant reservoir keeps emptying,overheating
The radiator fan runs but the engine remains hot,overheating
I saw bubbles inside the expansion tank,overheating
The bonnet is steaming after a short trip,overheating
Can a faulty water pump make the engine overheat,overheating
My temperature warning comes on during motorway trips,overheating
The cooling system makes a hissing sound,overheating
I need a radiator leak repaired,overheating
The engine became hot after towing a trailer,overheating
My coolant is leaking around the thermostat housing,overheating
The gauge suddenly jumps from cold to hot,overheating
Please check the radiator cap for a leak,overheating
The car overheats after five minutes of idling,overheating
There is dried coolant around the reservoir,overheating
The heater blows cold while the temperature gauge rises,overheating
Can you flush the cooling system,overheating
My vehicle loses coolant while driving,overheating
The cooling fan fuse may have failed,overheating
The radiator looks blocked,overheating
My car runs hot after a thermostat replacement,overheating
I smell coolant inside the cabin,overheating
The temperature goes up on steep roads,overheating
Can an airlock cause this overheating,overheating
The water pump area is wet,overheating
My engine overheated and now will not start,overheating
The coolant warning returns even after topping up,overheating
My radiator fan starts too late,overheating
The engine temperature is normal at speed but high at idle,overheating
Please check for a hidden coolant leak,overheating
The radiator is damp along its upper edge,overheating
My car overheats whenever I use the heater,overheating
The fan stays on long after I park,overheating
I need urgent help with an overheating vehicle,overheating
The temperature warning disappears after restarting,overheating
Coolant sprayed across my engine bay,overheating
The engine is hot despite having enough coolant,overheating
Can you inspect the cooling hoses for cracks,overheating
My vehicle overheats in stop and go traffic,overheating
The radiator makes a bubbling noise,overheating
The coolant has turned a rusty brown colour,overheating
I found water beneath the water pump,overheating
The car gets hot after a long queue,overheating
Please check why the radiator fan is noisy,overheating
The temperature rises whenever I climb a hill,overheating
My cooling warning light flickers on corners,overheating
The engine overheated after a coolant change,overheating
There is steam from the radiator grille,overheating
Can you refill and bleed the coolant system,overheating
My car loses coolant but leaves no puddle,overheating
The temperature needle keeps fluctuating,overheating
I need the head gasket checked for coolant loss,overheating
The cooling fan will not switch off,overheating
My engine runs hot only in warm weather,overheating
Please inspect the radiator for internal corrosion,overheating
The air conditioner blows warm air,ac
My AC stops cooling when I am stationary,ac
There is a musty smell from the vents,ac
Can you check for an air conditioning gas leak,ac
The blower fan works on only one speed,ac
My compressor makes a clicking noise,ac
The cabin takes too long to become cool,ac
Water is collecting inside the passenger footwell,ac
The AC belt squeals when cooling starts,ac
My vents have weak airflow,ac
Please replace the cabin air filter,ac
The AC is cold at night but warm during the day,ac
I hear hissing behind the dashboard,ac
Can you test the condenser fan,ac
The climate control panel is not responding,ac
My car air conditioning smells like damp clothes,ac
The compressor clutch does not engage,ac
AC refrigerant disappears after each refill,ac
The windscreen demister is not effective,ac
My AC blows warm air on the passenger side,ac
There is a rattling sound when I switch on cooling,ac
Please inspect the evaporator drain,ac
The cooling cuts out after ten minutes,ac
My air conditioning fan is very noisy,ac
Can a blocked filter reduce cabin cooling,ac
I need the AC serviced before summer,ac
The vent temperature changes by itself,ac
Water drips from the dashboard when AC runs,ac
The condenser may have been damaged by a stone,ac
My AC works only on the highest setting,ac
There is no airflow from the windscreen vents,ac
Can you recharge the system and check for leaks,ac
The cabin stays humid with the AC on,ac
My AC compressor vibrates loudly,ac
The rear vents are not producing cold air,ac
The blower motor has stopped completely,ac
Please diagnose the climate control warning,ac
The car AC stopped after a battery replacement,ac
The air gets warm whenever I stop at lights,ac
I smell chemicals when the air conditioner starts,ac
Can you check the AC pressure,ac
The cabin filter is covered in dirt,ac
My windows fog despite using demist,ac
The compressor cycles on and off too often,ac
The AC drain seems blocked,ac
The cooling is weak after a refrigerant refill,ac
My climate buttons illuminate but do nothing,ac
There is oil near the AC compressor,ac
The air conditioner makes a buzzing sound,ac
I need the AC condenser inspected,ac
The vents blow air but it is not cold,ac
My car smells mouldy after using the AC,ac
The AC cuts out when the engine is hot,ac
Please repair the cabin blower,ac
The air conditioning does not reach the selected temperature,ac
My car needs an oil and filter service,oil_change
The oil service reminder is showing,oil_change
What engine oil grade suits my car,oil_change
My dipstick level is below minimum,oil_change
The engine leaves oil spots on the driveway,oil_change
Can you change the oil before my road trip,oil_change
The oil warning light appeared at idle,oil_change
My oil looks thick and dirty,oil_change
How often should I replace the oil filter,oil_change
The vehicle is using oil between services,oil_change
Please check for a sump leak,oil_change
Can synthetic oil be used in my engine,oil_change
The oil level is above the maximum mark,oil_change
I cannot remember my last oil change,oil_change
The engine sounds noisy with low oil,oil_change
Can you reset the service indicator,oil_change
My car needs its first oil service,oil_change
There is oil around the filter housing,oil_change
The oil smells strongly of fuel,oil_change
I need an oil service for my diesel van,oil_change
The oil pressure light came on while driving,oil_change
Please inspect the rocker cover for leaks,oil_change
The engine oil becomes black very quickly,oil_change
How much oil does this engine take,oil_change
Can you provide a mobile oil change,oil_change
My vehicle is overdue for maintenance oil,oil_change
The oil drain plug is dripping,oil_change
I put too much oil in the engine,oil_change
The oil cap has creamy residue underneath,oil_change
My car uses a litre of oil every month,oil_change
Please check the oil pump pressure,oil_change
The maintenance message returned after an oil change,oil_change
I want the old oil replaced before storage,oil_change
Can you service a turbocharged engine with the right oil,oil_change
The oil warning disappears when I rev the engine,oil_change
There are metal flakes on the dipstick,oil_change
I need an oil top up and leak check,oil_change
The engine taps before the oil warms up,oil_change
What oil is best for a high mileage vehicle,oil_change
Please update my service record after changing oil,oil_change
The oil filter may be blocked,oil_change
My engine oil is contaminated,oil_change
Can you change oil on a hybrid car,oil_change
The car has reached its recommended oil mileage,oil_change
There is fresh oil near the sump,oil_change
How long does an oil service appointment take,oil_change
I need an oil pressure sensor checked,oil_change
The engine has an oil leak near the front,oil_change
Please dispose of the old oil responsibly,oil_change
My oil light flashes when I brake,oil_change
Can you recommend an oil service interval,oil_change
The vehicle needs an oil change and inspection,oil_change
My engine oil smells burnt,oil_change
I would like a full oil filter replacement,oil_change
The oil level drops after every long journey,oil_change
Please check whether the oil pan is damaged,oil_change
I need my work car serviced with fresh oil,oil_change
The car wash should include the interior,car_wash
Can you clean my vehicle after a muddy trip,car_wash
I need the outside washed today,car_wash
Please vacuum the cabin and boot,car_wash
Do you offer mobile detailing at home,car_wash
My seats have coffee stains,car_wash
Can you remove bird droppings from the bonnet,car_wash
I want the wheels cleaned thoroughly,car_wash
Please shampoo the floor carpets,car_wash
Do you wash large SUVs,car_wash
My car has road salt on the paint,car_wash
Can you polish the body after washing,car_wash
I need the windows cleaned inside and out,car_wash
Please remove pet hair from the back seat,car_wash
Do you offer a premium valet,car_wash
The dashboard is dusty and needs cleaning,car_wash
Can you remove tar from the lower panels,car_wash
I want the exterior waxed,car_wash
Please clean the wheel arches,car_wash
My car smells of smoke inside,car_wash
Do you clean leather seats,car_wash
Can you remove tree sap from the roof,car_wash
I need a quick wash during lunch,car_wash
Please clean my car before a wedding,car_wash
Do you provide waterless washing,car_wash
My white car has grime along the doors,car_wash
Can you clean the engine bay,car_wash
I need the mats washed and dried,car_wash
Please remove stains from the upholstery,car_wash
Do you offer monthly wash packages,car_wash
My vehicle is dusty after a long drive,car_wash
Can you wash matte paint safely,car_wash
I need a pre-sale detailing service,car_wash
Please clean the mirrors and headlights,car_wash
Do you remove water spots from paint,car_wash
My boot carpet needs deep cleaning,car_wash
Can you deodorise the cabin,car_wash
Please clean the door jambs,car_wash
Do you provide hand washing for delicate paint,car_wash
My car has sand throughout the interior,car_wash
Can you clean under the seats,car_wash
I need the roof lining refreshed,car_wash
Please remove grease marks from the body,car_wash
Do you clean child seat stains,car_wash
My floor mats are muddy,car_wash
Can you wash the car without scratching it,car_wash
I want a full interior valet,car_wash
Please clean the vents and cup holders,car_wash
Do you offer paint protection after a wash,car_wash
My vehicle needs a deep clean after camping,car_wash
Can you polish the chrome trim,car_wash
I need a clean before returning a rental,car_wash
Please remove insects from the bumper,car_wash
Do you clean company fleet vehicles,car_wash
My car has pollen all over the exterior,car_wash
Can you clean the spare wheel compartment,car_wash
I want the tyres dressed after washing,car_wash
Please remove mildew from the mats,car_wash
Do you offer office car cleaning,car_wash
My seats need conditioning after cleaning,car_wash
Can you clean the inside of the windscreen,car_wash
I need an exterior rinse and dry,car_wash
Please remove fingerprints from the glass,car_wash
Do you clean fabric headrests,car_wash
My car needs a professional full valet,car_wash
Can you remove stains from the boot lining,car_wash
Please clean a very dirty family vehicle,car_wash
The check engine light has appeared again,engine_problem
My engine loses power under acceleration,engine_problem
The car misfires when it is cold,engine_problem
I hear tapping from the engine bay,engine_problem
The vehicle stalls at traffic lights,engine_problem
Black smoke is coming from the exhaust,engine_problem
Can you scan the engine for fault codes,engine_problem
My car hesitates when I press the throttle,engine_problem
The engine warning is flashing,engine_problem
There is a fuel smell after starting,engine_problem
My engine runs rough after warming up,engine_problem
The exhaust has become unusually loud,engine_problem
I hear a rattle during acceleration,engine_problem
The vehicle struggles on hills,engine_problem
Blue smoke is coming from the exhaust,engine_problem
The engine cuts out while driving,engine_problem
My fuel consumption has increased suddenly,engine_problem
The car vibrates heavily at idle,engine_problem
Can you test the ignition system,engine_problem
My engine takes several attempts to start,engine_problem
The vehicle jerks when I accelerate,engine_problem
I smell burning oil under the bonnet,engine_problem
The engine idle speed keeps changing,engine_problem
There is a popping sound from the intake,engine_problem
My car has reduced power mode,engine_problem
The exhaust produces thick white smoke,engine_problem
Can a bad sensor cause the engine warning,engine_problem
The engine makes a whining noise at speed,engine_problem
My vehicle stalls after starting,engine_problem
Please investigate this loss of power,engine_problem
The car shakes when selecting reverse,engine_problem
My engine knocks when climbing hills,engine_problem
There is oil around the spark plug area,engine_problem
The car is hard to start when warm,engine_problem
I hear a clatter for a few seconds at startup,engine_problem
The engine runs unevenly after rain,engine_problem
Can you check the fuel pressure,engine_problem
The warning light comes and goes,engine_problem
My car sputters at steady speed,engine_problem
There is a burning smell from the engine compartment,engine_problem
The engine revs fluctuate while parked,engine_problem
My vehicle has almost no acceleration,engine_problem
Can you test the engine compression,engine_problem
The exhaust fumes smell strong inside the cabin,engine_problem
My engine starts and dies immediately,engine_problem
The car makes a metallic sound when hot,engine_problem
Please inspect the throttle system,engine_problem
The engine warning appeared after refuelling,engine_problem
My vehicle is using too much fuel,engine_problem
There is a hissing noise under the bonnet,engine_problem
Can a dirty injector cause this rough running,engine_problem
The engine loses power after half an hour,engine_problem
I hear a high pitched engine whine,engine_problem
My car shakes above motorway speed,engine_problem
The exhaust makes a loud bang,engine_problem
The engine is noisy when cold,engine_problem
Please diagnose the strange engine sound,engine_problem
My vehicle cuts out when I release the throttle,engine_problem
Can a faulty spark plug cause these misfires,engine_problem
The engine shakes when I switch on accessories,engine_problem
My car is difficult to start every morning,engine_problem
There is smoke near the exhaust manifold,engine_problem
The vehicle refuses to accelerate past a low speed,engine_problem
I need an urgent engine inspection,engine_problem
My engine surges while cruising,engine_problem
The check engine message stays on,engine_problem
Can you inspect the timing system,engine_problem
The engine makes a deep knock at idle,engine_problem
My car loses power on steep roads,engine_problem
The engine runs rough after a service,engine_problem
Please diagnose this persistent misfire,engine_problem
I need an engine check before buying a car,engine_problem
My engine sounds louder than normal,engine_problem
The battery warning appears with my engine fault,engine_problem
The engine stalls when the AC starts,engine_problem
One of my tyres keeps losing pressure,tyre
I need a flat tyre replaced,tyre
Can you check all four tread depths,tyre
The steering pulls left while driving,tyre
My front tyres are wearing unevenly,tyre
There is a nail in the rear tyre,tyre
Please inflate the tyres to the correct pressure,tyre
I feel vibration through the steering wheel,tyre
What tyre size fits my car,tyre
The sidewall has a dangerous bulge,tyre
Can you mend a puncture in my front tyre,tyre
My spare tyre is flat as well,tyre
I need wheel balancing after fitting tyres,tyre
My tyres lose grip on wet roundabouts,tyre
The tyre has a cut on its shoulder,tyre
Please rotate the tyres,tyre
The valve is leaking air,tyre
My tyres are cracked around the sidewalls,tyre
Can you fit four new tyres,tyre
The tread is nearly worn out,tyre
My car shakes after new tyres were fitted,tyre
I need tyres suitable for winter driving,tyre
The pressure warning stays on after inflation,tyre
There is a screw in my tyre tread,tyre
Can you inspect the wheels for alignment,tyre
One rear tyre goes flat overnight,tyre
I want matching tyres on both front wheels,tyre
The tyre bead leaks near the rim,tyre
My tyres are noisy at motorway speed,tyre
Please check the tyre pressure sensors,tyre
I need replacement tyres before a long journey,tyre
The tread is worn on the inside edge,tyre
The tyre tread has a zigzag wear pattern,tyre
Can you replace a damaged sidewall tyre,tyre
My vehicle pulls right after a puncture repair,tyre
Is this tyre safe after running flat,tyre
The car feels bouncy because of tyre pressure,tyre
I need an emergency roadside puncture repair,tyre
The pressure drops whenever temperatures fall,tyre
Can you measure the legal tread depth,tyre
My alloy wheel has a slow tyre leak,tyre
The front tyres are much more worn,tyre
Please fit tyres supplied by me,tyre
The rear wheels vibrate at speed,tyre
I want tyres with good wet grip,tyre
Can worn tyres increase fuel use,tyre
The tyre sidewall has a deep scrape,tyre
Can you replace the leaking valve,tyre
My car feels unstable when changing lanes,tyre
The tyres became noisy after a wheel change,tyre
Please inspect the tyres before my trip,tyre
I need all season tyres for city driving,tyre
My tyre pressure alert returns after inflation,tyre
Can you check for a hidden nail,tyre
My wheel has a leak around the rim,tyre
I need a replacement rear tyre,tyre
The tyre tread has patchy wear,tyre
Can you balance the rear wheels,tyre
My car pulls after a wheel alignment,tyre
Please inspect a bulge on my front tyre,tyre
I need help reading my tyre markings,tyre
Can you fit a tyre to my spare wheel,tyre
The vehicle has different pressures on each wheel,tyre
My tyre went flat while parked,tyre
Should I replace two tyres or all four,tyre
The tyre sensor is not reporting pressure,tyre
I need affordable tyres for a small car,tyre
Can you check the tyre bead,tyre
My tyres wear quickly after suspension work,tyre
Please repair the passenger side puncture,tyre
The steering wheel shakes after a pothole,tyre
I need a tyre inspection for an MOT,tyre
The car has a thumping noise from one tyre,tyre
Can you recommend a safe replacement tyre,tyre
My tyre loses air only while driving,tyre
The car feels too soft after tyre inflation,tyre
The suspension feels bouncy over speed bumps,suspension
I hear a clunk over potholes,suspension
My car leans to one side when parked,suspension
The ride has become very harsh,suspension
Could you test the condition of my shock absorbers,suspension
The front suspension creaks when leaving a parking space,suspension
The vehicle sways around corners,suspension
There is a knock from the front suspension,suspension
The rear bounces repeatedly after a bump,suspension
One shock absorber is leaking oil,suspension
The steering feels loose on rough roads,suspension
Are replacement suspension springs needed,suspension
The vehicle rolls too much in bends,suspension
The car dips at the front when braking,suspension
My vehicle sits low on one side,suspension
Please fit new front struts if they are worn,suspension
The front suspension knocks over drain covers,suspension
The suspension squeaks while turning,suspension
My ride height has changed recently,suspension
Potholes make the car feel unstable,suspension
Please check the suspension before new tyres,suspension
The rear makes noise with passengers inside,suspension
How much do shock replacements cost,suspension
My car bounces on smooth roads,suspension
The steering does not return after a turn,suspension
Can worn shocks affect tyre wear,suspension
There is metal scraping beneath the car,suspension
The vehicle feels unstable at motorway speed,suspension
Please inspect the ball joints and control arms,suspension
The front end rattles at low speed,suspension
Can you check the suspension after a pothole impact,suspension
My car sags at the rear,suspension
I need a complete suspension check,suspension
The suspension feels loose over speed humps,suspension
There is a creak from the front when cold,suspension
The car dips heavily when I stop,suspension
Can you test whether the shocks are worn,suspension
My vehicle rolls too much in bends,suspension
The rear of the car sits too low,suspension
I hear a rattle from the front end,suspension
The ride became rough after a kerb hit,suspension
Please inspect the suspension bushes,suspension
The vehicle drifts over uneven roads,suspension
My shock absorber has fluid around it,suspension
The car knocks when I turn into a driveway,suspension
Can broken springs cause uneven height,suspension
The suspension warning light is on,suspension
My car bottoms out over small bumps,suspension
Please replace the rear shock absorbers,suspension
The front suspension bangs on sharp turns,suspension
My vehicle feels soft and floats on bends,suspension
There is a popping noise when steering,suspension
Can you check the anti roll bar links,suspension
The suspension makes noise at low speed,suspension
I need front struts replaced,suspension
The car vibrates over cobbled roads,suspension
My vehicle thumps when accelerating,suspension
Please check the control arm bushes,suspension
The front end rattles after hitting a kerb,suspension
My car sits lower with passengers inside,suspension
Do worn bushes affect steering control,suspension
The suspension feels different on one side,suspension
There is a metallic knock under the passenger seat,suspension
Can you inspect the spring seats,suspension
The car is difficult to control on rough roads,suspension
I need repairs after a pothole hit,suspension
The front wheel seems out of position,suspension
My vehicle has a bouncing rear end,suspension
Please check the strut mounts,suspension
The suspension squeaks when the boot is loaded,suspension
The car rolls excessively around roundabouts,suspension
I hear tapping beneath the car while turning,suspension
Can damaged control arms cause tyre wear,suspension
The ride is uncomfortable on normal roads,suspension
My car pulls over bumps,suspension
Please inspect the suspension after tyre fitting,suspension
The front shock is leaking fluid,suspension
The rear spring looks compressed,suspension
My car became unstable after a road impact,suspension
I need the suspension mounting points checked,suspension
The steering clunks on driveway entrances,suspension
Can you tell if the ball joints are worn,suspension
My car bounces after a shallow dip,suspension
I want the springs and shocks inspected,suspension
The power window on my car has stopped,electrical
My dashboard lights flicker while driving,electrical
The headlights will not switch on,electrical
The horn has stopped working,electrical
Central locking works only sometimes,electrical
Can you diagnose an electrical fault,electrical
The interior lights stay on after locking,electrical
My wipers move very slowly,electrical
The radio switches off by itself,electrical
The accessory socket keeps blowing its fuse,electrical
My indicators flash too quickly,electrical
The rear light cluster has stopped illuminating,electrical
The dashboard warning lights remain on,electrical
The electric mirrors will not adjust,electrical
My alarm goes off without a reason,electrical
The starter circuit is not engaging,electrical
My window works intermittently,electrical
The dashboard display is completely blank,electrical
Please repair the driver window motor,electrical
The headlights dim when I brake,electrical
My charging socket has no power,electrical
The parking sensors have stopped working,electrical
There is a hot electrical smell near the fuse panel,electrical
The dashboard display is flickering and unreadable,electrical
The remote key will not lock the car,electrical
The cooling fan runs after the engine is off,electrical
The battery drains while the vehicle is parked,electrical
Can you measure the alternator charging voltage,electrical
The remote boot button stopped working,electrical
The brake lights stay on continuously,electrical
My reverse lights do not illuminate,electrical
The media display is stuck on one screen,electrical
The electric seat will not move,electrical
Water entered the car and now the wiring is faulty,electrical
The car will not start because of an electrical fault,electrical
The passenger window stops halfway down,electrical
The instrument panel flickers over bumps,electrical
Can you replace the blown headlight fuse,electrical
The horn works only when turning the wheel,electrical
My rear wiper is stuck,electrical
The door lock actuator is not responding,electrical
The heater fan has lost power,electrical
One headlight is much dimmer,electrical
The alarm will not disarm with the remote,electrical
My radio loses its settings overnight,electrical
Can you check the wiring behind the dash,electrical
The heated rear window does not work,electrical
My electric seat will not move,electrical
The boot release button is dead,electrical
Several dashboard symbols stay lit after startup,electrical
My parking camera has no image,electrical
The indicators fail on the right side,electrical
There is a clicking relay under the dashboard,electrical
The car locks and unlocks repeatedly,electrical
My windscreen washer pump has stopped,electrical
The number plate lights are out,electrical
The electric sunroof will not close,electrical
Can you investigate a short circuit,electrical
My interior fan works only intermittently,electrical
The headlights stay on after removing the key,electrical
My reverse camera screen is blank,electrical
The USB ports stopped working,electrical
The electric parking brake shows a fault,electrical
My dashboard clock resets at startup,electrical
There is moisture inside a headlight,electrical
The vehicle loses accessory power while driving,electrical
Can you check the starter motor circuit,electrical
The remote key works only very close,electrical
My wipers stop in the middle of the screen,electrical
The electric windows are slow on both sides,electrical
The heated seats no longer warm up,electrical
My door open warning stays on,electrical
The charging warning appears intermittently,electrical
Can you inspect wiring beneath the driver seat,electrical
My fuse keeps failing after replacement,electrical
The car alarm sounds when it rains,electrical
The instrument cluster goes blank sometimes,electrical
My headlights turn off with high beam,electrical
The cabin fan runs after the ignition is off,electrical
There is a burning plastic smell inside,electrical
The key is not detected by the car,electrical
Can you replace the fuse for heated seats,electrical
My electric boot lid will not open,electrical
The central locking works inside but not remotely,electrical
My AC only cools the cabin on one side,ac
The air conditioner makes a squeal when accelerating,ac
Please inspect the AC fuse and relay,ac
The climate system blows air but the temperature stays warm,ac
My vents smell damp after the car has been parked,ac
Can you check whether the compressor has seized,ac
The AC loses pressure overnight,ac
I need the cabin filter replaced before summer,ac
The demister airflow is too weak,ac
My air conditioning stops whenever I turn sharply,ac
There is moisture around the AC drain,ac
The climate control display is flashing,ac
Can you inspect the AC pipes for damage,ac
The compressor makes a grinding noise,ac
My car takes ages to cool even on maximum,ac
I need a wash for the outside of my hatchback,car_wash
Can you remove mud from the wheel arches,car_wash
Please clean the dashboard and door panels,car_wash
My car needs an oil service after a long trip,oil_change
The oil pressure warning flashes at low revs,oil_change
Can you check oil leaking from the timing cover,oil_change
I need the correct oil for my older vehicle,oil_change
The engine oil level is falling between weekly checks,oil_change
Please replace the oil filter and sump plug washer,oil_change
My service reminder says engine oil required,oil_change
Can you inspect the oil for coolant contamination,oil_change
The oil cap has sludge around its edge,oil_change
I need fresh oil before putting my car into storage,oil_change
My oil leak leaves a mark under the front of the car,oil_change
Is the oil pressure sensor causing this warning,oil_change
Please record the oil change in my service history,oil_change
The coolant level drops after every motorway journey,overheating
My car overheats when waiting in a queue,overheating
Can you check the radiator fan motor,overheating
The coolant hose feels soft and leaks when hot,overheating
I need the engine cooling system examined urgently,overheating